-0.00765005,-0.005397898,1.23E-19
-0.007859283,-0.006046097,1.27E-19
-0.007945813,-0.005586933,0.000812741
-0.008354986,-0.005256048,1.67E-19
0.005793936,0.005348745,0.018965692
0.005715962,0.005318213,0.018598557
0.005167288,0.00505726,0.019117497
0.00531289,0.005589581,0.018808552
0.005604185,0.005536524,0.019359363
0.007600135,0.00392607,0.019770177
0.007571118,0.004415699,0.019333596
0.007620777,0.004519859,0.019983459
0.008154243,0.004114724,0.019479723
0.006067487,0.005247113,0.019228523
0.005610223,0.004795932,0.019775718
0.006162604,0.005329612,0.01989862
0.00659066,0.004970209,0.019325868
0.006899098,0.004963483,0.020151968
0.006252595,0.004519013,0.020100882
0.007148537,0.004691923,0.0195131
0.007037367,0.0041947,0.020070762
0.005044629,0.005067684,0.018548041
0.005206057,0.005531835,0.018227383
0.005877535,0.005131728,0.018132761
0.005181684,0.004996105,0.017963458
0.005368921,0.005313461,0.017608565
0.006059891,0.004926652,0.017633549
0.007712596,0.004151953,0.018432389
0.007780369,0.004214587,0.018928767
0.007812943,0.003107485,0.018455829
0.008371971,0.003827507,0.018675636
0.00814874,0.003763702,0.017740491
0.007709804,0.003301778,0.019260404
-0.007772104,-0.004952246,1.36E-19
-0.00819647,-0.004798542,0.000726761
-0.00838172,-0.004493654,1.79E-19
-0.008088492,-0.004191691,0.000535335
-0.00758692,-0.004486908,1.32E-19
-0.007973827,-0.003858658,1.63E-19
-0.00730958,-0.005452687,0.000773447
-0.007281079,-0.005691194,9.73E-20
-0.0071162,-0.0050554,9.59E-20
-0.006593824,-0.005744103,5.56E-20
-0.007968011,-0.00507938,0.001343581
-0.007000157,-0.006538812,0
-0.007403943,-0.006181602,0.000854975
-0.006054372,-0.006513925,1.31E-20
-0.006598471,-0.006541752,0.000876794
-0.005931445,-0.005691777,1.67E-20
-0.005262897,-0.006029755,-2.78E-20
-0.005718254,-0.006478949,0.000790152
-0.007643795,-0.005652661,0.001575502
0.007494554,0.003125837,0.017669873
0.007617272,0.003937949,0.01711588
0.007336745,0.004261648,0.01792421
0.005952039,0.00487678,0.017088209
0.005597515,0.004557591,0.017361556
0.006512795,0.004647987,0.017526522
0.005620872,0.004703188,0.018745803
0.004974651,0.004478406,0.019480689
0.006199741,0.005059992,0.018677932
0.004735525,0.004647649,0.018862184
0.006197115,0.004338693,0.018943565
0.006613442,0.004690688,0.018016574
0.007118007,0.004550294,0.018732503
0.006588246,0.004000887,0.019494786
0.007243449,0.003567694,0.019858508
0.005666338,0.004213196,0.01951412
0.005484719,0.003809646,0.020099665
0.006518932,0.00355728,0.020151537
0.005931731,0.004316915,0.018097405
0.005335376,0.004453038,0.018176686
0.004739022,0.004589162,0.018255966
0.006808256,0.003407332,0.018508546
0.00698317,0.004376166,0.017501765
0.006154351,0.004069329,0.017096131
0.006846892,0.004326184,0.01687671
0.006837494,0.003570192,0.017136758
0.004708118,0.003699195,0.019753146
0.005071142,0.004384766,0.017687088
0.007378571,0.002436209,0.018233193
0.006985089,0.00269436,0.018601246
0.007389515,0.002487832,0.01897701
0.006975438,0.002647064,0.01971375
0.006963228,0.001953712,0.019236813
0.007161921,0.001981389,0.018693946
0.006940919,0.002660547,0.017417406
0.006956937,0.001818833,0.017972062
-0.007215217,-0.004723771,0.000691919
-0.007875115,-0.004299032,0.001409574
-0.007561849,-0.003702134,0.000712115
-0.007250985,-0.004042332,1.17E-19
-0.007182666,-0.003396715,1.22E-19
-0.006825531,-0.003337634,0.000619582
-0.006846623,-0.004463222,8.77E-20
-0.006769216,-0.003900234,9.05E-20
-0.006238878,-0.003254637,0
-0.006172452,-0.004090327,5.23E-20
-0.004915126,-0.004282621,-2.54E-20
-0.005433484,-0.003564001,1.51E-20
-0.005639018,-0.004377466,1.66E-20
-0.004934081,-0.003800973,0.000578031
-0.005537024,-0.003361875,0.00052853
-0.00618499,-0.004949737,4.17E-20
-0.005532637,-0.005349161,-2.64E-21
-0.00529559,-0.005139975,0.000785436
-0.005430404,-0.004852138,-2.16E-21
-0.004832725,-0.005216713,-4.27E-20
-0.004751401,-0.005828834,0.000869995
-0.006158744,-0.00569182,0.001150444
-0.007745665,-0.004939125,0.002086267
-0.006843514,-0.004960634,0.001383838
-0.007071279,-0.006191047,0.001699405
-0.006190772,-0.006527128,0.001748063
-0.005335178,-0.006420712,0.001554072
-0.005692547,-0.005947155,0.002077468
-0.005160776,-0.005427813,0.001570872
-0.004602536,-0.006013738,0.00171765
-0.005074671,-0.004331089,0.000823814
-0.004466256,-0.004715249,0.00077638
-0.004192276,-0.005364086,0.001595496
-0.006695116,-0.006138413,0.002787934
-0.007396301,-0.005570282,0.002410337
-0.006020666,-0.003225139,0.000945094
-0.007061155,-0.004692987,0.002350945
-0.007457088,-0.004865992,0.002940659
-0.007171186,-0.005474644,0.003147256
-0.007500247,-0.004159656,0.002383059
-0.006925988,-0.003475991,0.001587501
-0.004494472,-0.003905454,0.001339467
-0.004109828,-0.004521846,0.001625609
0.006219851,0.002560404,0.019300998
0.00611853,0.002919799,0.020203137
0.006320532,0.003638685,0.01784901
0.005509442,0.004050447,0.017295075
0.004285566,0.004137201,0.018681527
0.00449252,0.004150246,0.019198075
0.004048312,0.003532772,0.01913235
0.005044568,0.003922189,0.018621394
0.003972951,0.003710588,0.01839866
0.00580357,0.003707178,0.018561262
0.005476473,0.003167096,0.019365184
0.005149377,0.002627014,0.020169107
0.004311219,0.002629148,0.019798829
0.004983021,0.003784678,0.017947602
0.004382401,0.004014818,0.017971641
0.006174159,0.002507455,0.017930999
0.0059041,0.003093679,0.016980035
0.00460306,0.00290687,0.019003473
0.004718054,0.003572372,0.017373818
0.004252123,0.003141967,0.018355055
0.00395,0.003407561,0.017847255
0.003673143,0.002515739,0.019259021
0.003609345,0.003099342,0.018501994
0.006397268,0.001896208,0.018367892
0.00619865,0.001778723,0.019798145
0.005278388,0.002490688,0.019306849
0.006620378,0.001284962,0.018804784
0.004910698,0.001615047,0.019909148
0.006480694,0.001123695,0.018016743
0.00641915,0.002018558,0.017143421
0.00642224,0.001363768,0.01750327
-0.00643209,-0.004092887,0.001164466
-0.005683086,-0.00394693,0.000871249
-0.005226905,-0.00336096,0.001163442
-0.005719017,-0.004841889,0.001424094
-0.006049917,-0.005473598,0.002600864
-0.005723189,-0.006500347,0.002586104
-0.005594826,-0.005956856,0.002974663
-0.00485479,-0.006304702,0.002352912
-0.006065404,-0.006302182,0.003453652
-0.00492779,-0.005373889,0.002282919
-0.004319844,-0.0058803,0.002154727
-0.004873758,-0.004319747,0.002093828
-0.004759218,-0.003433767,0.001830205
-0.003977897,-0.005489522,0.002343957
-0.003852607,-0.004844191,0.002221831
-0.006776429,-0.005753162,0.003599737
-0.006588294,-0.005232623,0.003173054
-0.007126671,-0.004991649,0.003745245
-0.006735777,-0.005455557,0.004186103
-0.006376646,-0.004446848,0.002615624
-0.005762075,-0.00318701,0.002035271
-0.007196311,-0.004187024,0.003345738
-0.006689507,-0.003522069,0.002788961
-0.004086821,-0.003932341,0.002232539
0.004531044,0.001888043,0.019165845
0.004037155,0.001606466,0.019630762
0.003312426,0.001607368,0.01917102
0.005407399,0.002354363,0.018444591
0.0053995,0.003139135,0.017594076
0.0048949,0.003184591,0.018208116
0.00526809,0.002403552,0.016688785
0.005605592,0.001865343,0.017633451
0.006037842,0.000795228,0.017509867
0.00415139,0.002161039,0.018422542
0.004018462,0.002830063,0.017178082
0.003428671,0.002699698,0.017825742
0.003208766,0.002277545,0.018580674
0.004417,0.000701597,0.019422069
0.005605566,0.000855702,0.019317409
0.005117602,0.001331021,0.018451736
0.006042687,0.000627557,0.018400761
0.005183865,6.70E-05,0.018604581
0.005803786,0.001376324,0.01682231
-0.005507559,-0.003960526,0.00244173
-0.004785156,-0.003202607,0.002773017
-0.005253044,-0.004734041,0.002848189
-0.005672308,-0.005624695,0.003781228
-0.006220282,-0.006016275,0.004133447
-0.005139736,-0.006440114,0.003348461
-0.004212607,-0.00599524,0.002905352
-0.006815378,-0.004922763,0.004521304
-0.007004573,-0.004339946,0.004039025
-0.006197558,-0.004989355,0.004235042
-0.006427877,-0.005545818,0.004700555
-0.004849201,-0.005504749,0.003471248
-0.003692145,-0.005273411,0.002898724
-0.005352956,-0.006367988,0.0041028
-0.004397021,-0.00451795,0.003391189
-0.003585108,-0.004352441,0.003052331
-0.00339506,-0.004958933,0.003497938
-0.00596724,-0.004432892,0.003769529
-0.005651298,-0.00316338,0.003343466
-0.006591632,-0.003659279,0.003846841
-0.006681435,-0.004131742,0.00469087
-0.00654041,-0.004876077,0.005184865
-0.00394484,-0.003531152,0.00331113
0.002966993,0.000853365,0.019031953
0.002730026,0.001408916,0.018510254
0.003991186,0.001209127,0.018483342
0.003596183,0.001035138,0.019365396
0.004629638,0.00180634,0.017586064
0.00504925,0.001544846,0.016331309
0.004105673,0.002100485,0.016399187
0.005096797,0.000962836,0.017614295
0.005421838,0.000620664,0.016667984
0.005563955,0.000119332,0.017642527
0.003744631,0.001893604,0.017689846
0.003249208,0.002275704,0.017108818
0.002859625,0.001980868,0.017793629
0.0035263,0.000180506,0.019134711
0.004045421,0.000309948,0.018552481
0.0042857,-0.000308535,0.018732761
0.004564541,0.00043939,0.017970251
0.004812835,-0.000596898,0.017852727
0.004497234,0.001178317,0.016833616
0.004763445,0.00089421,0.0160003
0.004345939,0.001341264,0.015916908
0.003097752,0.001044134,0.017558862
0.004357183,0.000471759,0.016683403
0.003758401,0.001128547,0.016557787
0.003571585,0.001445307,0.015779653
0.00503081,-0.000357291,0.016878214
0.004769148,0.00013173,0.016030885
0.004101532,0.000642089,0.015510952
0.003281529,-0.000763204,0.018645329
0.003272178,0.00037554,0.018074168
0.002220345,0.000550249,0.018431676
0.002599138,-6.07E-05,0.018812414
0.003137614,0.001435725,0.01681636
0.003075775,0.001836165,0.016294135
0.002516827,0.001742903,0.017074933
0.002250288,0.00127648,0.017781803
-0.005001531,-0.004005826,0.003973084
-0.004723852,-0.003064442,0.003837364
-0.005279211,-0.004947209,0.004108803
-0.005645572,-0.006091846,0.004925879
-0.004445358,-0.006275456,0.004094308
-0.00369382,-0.005698544,0.003636743
-0.005709221,-0.004389669,0.004746358
-0.006112483,-0.005528588,0.005386858
-0.006124824,-0.005079015,0.005965597
-0.004215413,-0.00517307,0.004219295
-0.003186468,-0.005123884,0.004157913
-0.003239119,-0.004117249,0.004047269
-0.004831334,-0.006329277,0.004686382
-0.004120325,-0.004061537,0.004010176
-0.005620461,-0.003225535,0.004746245
-0.00631795,-0.004069386,0.005613777
-0.004642679,-0.002965914,0.004917311
-0.003766713,-0.00318008,0.004567063
0.003289379,-0.000851893,0.017799504
0.0028114,-0.001461878,0.018104005
0.003911352,-0.0011764,0.017997247
0.00383506,-0.000394909,0.017588218
0.004397942,-0.001165359,0.017102268
0.003945217,0.000811788,0.017335922
0.002555029,0.000519052,0.017232353
0.001620307,0.00050698,0.017725224
0.003446507,-0.000827814,0.016885385
0.003527055,-0.001785981,0.0172735
0.003912723,-0.001597234,0.016338978
0.004470085,-0.000760605,0.016166929
0.002967773,0.000798894,0.016488519
0.00293517,0.001345124,0.015743578
0.003336839,0.00077303,0.015304024
0.00424547,-0.000257045,0.015589652
0.00381446,-5.33E-05,0.016356894
0.003813421,-0.00104284,0.015447745
0.003532274,-9.77E-05,0.015086
0.002475043,-0.000816394,0.01852062
0.002667407,-0.000527385,0.017601762
0.002143857,-1.02E-05,0.017663493
0.001789759,-0.000394012,0.018265162
0.002054261,-0.001111751,0.018216703
0.002285452,0.001375226,0.016188093
0.00180682,0.001120481,0.017026828
0.002474708,0.000903726,0.01546435
-0.004737006,-0.004647595,0.004801847
-0.005582208,-0.005801679,0.00586373
-0.005296858,-0.004284712,0.005889653
-0.005971387,-0.004295617,0.006645192
-0.005684818,-0.005288816,0.006609483
-0.003806072,-0.004620613,0.00474889
-0.002875137,-0.00459363,0.004695934
-0.003014187,-0.003600775,0.005055912
-0.004715958,-0.006224322,0.005623983
-0.00376627,-0.006057435,0.004977336
-0.002921442,-0.005313275,0.005085061
-0.004928987,-0.005150858,0.006014629
-0.005000522,-0.005855602,0.006688063
-0.004021018,-0.005278736,0.005571432
-0.002569315,-0.004481252,0.005407075
-0.004214802,-0.006104859,0.006668481
-0.002607077,-0.005258503,0.005869851
-0.004021239,-0.003840059,0.005366296
-0.005209336,-0.003139801,0.006045057
-0.00383198,-0.002854443,0.005837638
-0.002770064,-0.003288275,0.005985558
-0.005218289,-0.00543306,0.007243003
0.001050362,-0.000272805,0.017527422
0.002006572,-0.001583372,0.017890413
0.002440917,-0.002122606,0.01734588
0.001610276,-0.001886552,0.017521921
0.002650344,-0.001180492,0.017014392
0.001151011,0.000441029,0.016930963
0.002026322,7.71E-05,0.016682435
0.002859771,-0.000238377,0.016682903
0.003057954,-0.001260719,0.016182551
0.003128721,-0.002227015,0.016408157
0.003388526,-0.0018289,0.015537105
0.002429185,2.74E-05,0.015856316
0.002838232,0.000361474,0.015031803
0.002816425,-0.000537236,0.015354927
0.003203664,-0.001101847,0.014853539
0.002675208,-0.000288789,0.014679372
0.001720793,-0.000656089,0.016937371
0.00133874,-0.001143374,0.017813326
0.001341266,-0.001235812,0.017109772
0.001998599,0.000293127,0.015029729
0.001508214,0.000723991,0.015978091
-0.00483188,-0.004010177,0.006744972
-0.005601801,-0.004716072,0.007353213
-0.005387995,-0.003520316,0.007324415
-0.004275766,-0.004500037,0.006165529
-0.002463164,-0.003900822,0.005848923
-0.003088615,-0.004077784,0.005932866
-0.002379099,-0.003483478,0.006417268
-0.003480231,-0.006016139,0.006069087
-0.004014664,-0.005228669,0.007098846
-0.004429353,-0.005842129,0.007508326
-0.005014212,-0.005195557,0.0079468
-0.003115071,-0.004619346,0.006551698
-0.002260194,-0.004804064,0.006251974
-0.002046052,-0.004163889,0.006626177
-0.003431899,-0.006004429,0.007102581
-0.002622228,-0.005564376,0.006644739
-0.003607914,-0.003674316,0.006458657
-0.002940063,-0.002848594,0.006751785
-0.004295474,-0.002815732,0.007015397
-0.00460126,-0.003936398,0.007426813
-0.005234028,-0.003945705,0.008229248
-0.004451529,-0.002939699,0.008090052
-0.004197522,-0.00484798,0.008563707
-0.004808715,-0.004782972,0.008773139
-0.004085768,-0.005516905,0.008753292
0.00096174,-0.001815535,0.017282174
0.000576167,-0.00023358,0.016771951
0.000581814,-0.001073802,0.017191839
0.001876293,-0.001676126,0.016509545
0.0015494,-0.002428049,0.016992966
0.002234371,-0.002704415,0.016348715
0.001535792,-0.002944231,0.016324319
0.000899722,-0.002550536,0.016739173
0.002733418,-0.002541383,0.015520952
0.000792043,0.000194594,0.01623891
0.001497615,-0.000364804,0.016132517
0.002203186,-0.000924203,0.016026125
0.002851068,-0.001931815,0.014711339
0.002422161,-0.001745396,0.015272656
0.002110904,-0.000949409,0.015024359
0.002428022,-0.001036943,0.014198947
0.001557409,-0.000275827,0.014414374
0.002379647,-0.002779726,0.01468361
0.001967842,-0.002432523,0.015661923
0.001064207,-0.001341915,0.016280592
0.001205509,-0.000761712,0.015367194
0.000219842,-0.000287858,0.016043186
0.000864417,8.66E-05,0.015365042
-0.004309275,-0.004179056,0.008374122
-0.004337403,-0.005026127,0.009314975
-0.004804024,-0.004005632,0.009219033
-0.004711862,-0.003338335,0.008932749
-0.003814525,-0.00435248,0.007529211
-0.002588274,-0.003836215,0.00713886
-0.002108367,-0.003346628,0.007084242
-0.003098139,-0.005342615,0.007215428
-0.003574051,-0.005120853,0.007786118
-0.003333576,-0.005889227,0.008043025
-0.002064828,-0.004978036,0.006962874
-0.001733119,-0.004226603,0.007288437
-0.00254398,-0.005634654,0.007446834
-0.003130496,-0.003508542,0.007651544
-0.002446466,-0.002664603,0.007773877
-0.003425689,-0.00257771,0.007895379
-0.003476985,-0.003640815,0.008404906
-0.004094423,-0.003489575,0.008668828
-0.004235681,-0.002856349,0.008942523
-0.003670263,-0.002559525,0.008600997
-0.003554344,-0.004791287,0.008801661
-0.003062604,-0.005761322,0.008965512
-0.004139946,-0.004371671,0.008953408
-0.004553484,-0.00457741,0.009461661
-0.00377402,-0.005325288,0.009727047
0.002278418,-0.002150195,0.013912777
0.001202266,-0.002323664,0.015802894
0.000857932,-0.003037299,0.016236442
0.001922922,-0.003166414,0.015471713
0.001144095,-0.003280244,0.01588718
0.000482349,-0.000329094,0.014626422
0.000691889,-0.002088787,0.016265796
0.000181513,-0.001853909,0.016728697
5.37E-05,-0.00086113,0.01652368
0.000320506,-0.001581375,0.016108601
0.000199948,-0.002751636,0.01626003
0.000550783,-0.003318213,0.015819214
0.0015466,-0.001610029,0.015369346
0.001913693,-0.003043518,0.013929938
0.00180677,-0.003341657,0.014617348
0.001345245,-0.002205686,0.014128243
0.001712891,-0.001141052,0.01359695
0.001609495,-0.001881537,0.013120372
0.001133731,-0.001169048,0.014516695
0.000720861,-0.000728068,0.013664043
0.001167497,-0.002713796,0.014907711
-0.000226837,-0.000727119,0.015979555
0.000459499,-0.00130884,0.015488505
-9.66E-05,-0.000452663,0.015301604
-0.000125606,-0.000640057,0.014325399
-0.004359227,-0.00348504,0.009067668
-0.004406041,-0.003066282,0.009376422
-0.00462403,-0.003480506,0.009466509
-0.004219906,-0.004870854,0.009770673
-0.003970616,-0.004564287,0.009532694
-0.004342223,-0.00452372,0.009941422
-0.004546893,-0.004201357,0.009750136
-0.004038242,-0.004852572,0.010138543
-0.004185184,-0.003987222,0.009454202
-0.004347648,-0.003756684,0.009648465
-0.00459123,-0.003786601,0.00972986
-0.004086202,-0.004170329,0.00986985
-0.004374013,-0.004184436,0.010132758
-0.004193436,-0.004467288,0.010287901
-0.004134799,-0.002799891,0.009386478
-0.003827817,-0.002586012,0.009191014
-0.003825646,-0.00317955,0.009174641
-0.00261741,-0.005189189,0.008773413
-0.002344383,-0.005625568,0.008306996
-0.002221743,-0.005649803,0.009185149
-0.001448492,-0.005199839,0.008890483
-0.002936416,-0.002346284,0.008675308
-0.002773228,-0.002712254,0.009009871
-0.002230823,-0.002355923,0.008606977
-0.00271063,-0.00217745,0.009247368
-0.003086765,-0.002263302,0.009248654
-0.003386197,-0.002389447,0.009079723
-0.002044383,-0.00283394,0.008940693
-0.002157553,-0.002154481,0.009191357
-0.001503267,-0.002386031,0.008992424
-0.001484573,-0.002845054,0.008377971
-0.001263184,-0.002163404,0.009635348
-0.001560564,-0.002737681,0.009454878
-0.000860104,-0.00249393,0.009483653
-0.001732902,-0.002112271,0.009445656
-0.000767435,-0.003060996,0.009067403
-0.001582186,-0.0034427,0.007780405
-0.002302553,-0.003754185,0.008315217
-0.001364257,-0.004438367,0.008025367
-0.001835208,-0.005110053,0.007786615
-0.001031911,-0.003631277,0.008460994
-0.00278345,-0.004850162,0.008148432
-0.001875522,-0.004477012,0.00860285
-0.000912811,-0.004323998,0.008760028
-0.003555015,-0.002904271,0.00935045
-0.003227344,-0.002898404,0.008959758
-0.002626871,-0.003210796,0.008728503
-0.002563937,-0.00565661,0.00986368
-0.003823475,-0.003773088,0.009158269
-0.002890436,-0.00475281,0.009239829
-0.003022919,-0.00406567,0.008850029
-0.003525409,-0.003335746,0.009059014
-0.003387749,-0.004551164,0.009603728
-0.00275778,-0.005028233,0.010053583
-0.003289031,-0.005342135,0.010429169
-0.002767491,-0.005425679,0.010774237
-0.00333839,-0.00494665,0.010016448
-0.003713308,-0.004744259,0.010122164
-0.003674038,-0.004451859,0.009886901
-0.00345901,-0.005107871,0.010690657
-0.003752578,-0.005036659,0.010357426
-0.00396687,-0.004705079,0.010457695
-0.004488486,-0.003866292,0.009983854
-0.004510112,-0.003526146,0.009842728
-0.003861302,-0.003017403,0.00950859
0.000243151,-0.00345343,0.011201775
-0.000215597,-0.003650706,0.011431916
1.52E-05,-0.003500554,0.010534686
4.12E-06,-0.004112472,0.011058476
7.42E-05,-0.003042567,0.010857626
0.000288904,-0.003889786,0.011680456
-0.000147722,-0.004160801,0.010401108
-0.000595233,-0.004088869,0.010964665
-0.00047037,-0.004766111,0.010745954
-0.000243332,-0.004472026,0.011578342
-0.00100986,-0.005100795,0.011316575
0.000534166,-0.003982343,0.012171635
0.00019994,-0.003397247,0.012208653
0.000760295,-0.003378175,0.011902889
2.01E-05,-0.004344501,0.012147362
-0.000237472,-0.003082091,0.011504375
0.000330491,-0.002769895,0.011339293
-0.000109724,-0.00254296,0.010910408
0.000735715,-0.002441551,0.011827957
-0.003626819,-0.002450322,0.009565996
-0.003936363,-0.002651305,0.009590651
-0.004208688,-0.002896132,0.009641063
0.001237622,-0.002230002,0.012539288
0.000694852,-0.002552657,0.012742637
0.000928776,-0.001349649,0.012855437
0.000529004,-0.001755814,0.012065924
0.000623156,-0.003222049,0.012562718
0.000968602,-0.003723116,0.012603141
0.001708917,-0.002625992,0.013214497
0.001399322,-0.00340957,0.013256778
0.000807178,-0.004029819,0.013441353
0.001224846,-0.003003286,0.012481533
0.00030601,-0.002506406,0.01530187
0.000847836,-0.002977163,0.014228681
0.001283599,-0.00369315,0.014113653
0.000981362,-0.003654554,0.015120782
0.000328997,-0.004070626,0.01432455
0.000407507,-0.003568275,0.013773549
-0.000127448,-0.004404029,0.013601184
0.000207364,-0.00101851,0.013053934
0.000670424,-0.001805413,0.013599573
0.000272409,-0.001222735,0.013962486
-0.000157217,-0.0008678,0.013566636
-0.000475313,-0.002175123,0.016059792
-0.000446296,-0.001388504,0.016139068
-0.000627603,-0.001007652,0.015607664
-0.000215201,-0.001514395,0.015559259
-0.000611335,-0.000824345,0.015022158
-0.000258224,-0.003572873,0.0151715
-0.000394297,-0.002937321,0.015713096
0.000412072,-0.002261177,0.014343709
-0.000401635,-0.002681754,0.015217765
-0.000593591,-0.000914641,0.013943559
-0.000259211,-0.001736319,0.014773459
-0.000549475,-0.001387249,0.014357594
-0.000855919,-0.00100258,0.014546632
-0.000684609,-0.004102364,0.014250284
-0.000677891,-0.004669632,0.012164702
-0.000810571,-0.004200852,0.012552369
-0.000462896,-0.00458167,0.012875704
-0.001287441,-0.004609738,0.012728027
-0.001196209,-0.00433539,0.01356581
-0.001601612,-0.002083225,0.010618399
-0.001712195,-0.001818762,0.010782806
-0.001342504,-0.001877806,0.010509346
-0.001847059,-0.001863008,0.01043376
-0.001238515,-0.00183228,0.010901862
-0.001535603,-0.001935572,0.010124684
-0.002022477,-0.001923354,0.010106146
-0.001955611,-0.002275348,0.010346105
-0.001806984,-0.001986654,0.009824748
-0.000450614,-0.002556854,0.011384243
-0.000457965,-0.002135372,0.011002238
4.21E-05,-0.002105981,0.011431628
-0.000484765,-0.002302503,0.010489698
-0.000855644,-0.001985343,0.010675562
-0.0006226,-0.00261734,0.010813396
-0.000227726,-0.002805035,0.010267962
-0.000972399,-0.002063842,0.010195556
-0.000697001,-0.002356956,0.009935853
-0.001547841,-0.002583701,0.010005709
-0.000910145,-0.00262239,0.010370873
-0.00049955,-0.002792305,0.0096991
-0.000278055,-0.003504978,0.0097713
-0.000588391,-0.003247204,0.010485644
-0.002781683,-0.004864895,0.010568266
-0.003202985,-0.005197009,0.010864297
-0.00294738,-0.005163767,0.011208005
-0.001559834,-0.004685559,0.011662052
-0.001398749,-0.004877954,0.012156771
-0.001887064,-0.00515937,0.011749784
-0.001920744,-0.004733874,0.012349628
-0.003859593,-0.004431466,0.010175953
-0.003939556,-0.00464968,0.010662852
-0.00417056,-0.004402399,0.010521481
-0.004353724,-0.004106868,0.010404289
-0.00410545,-0.004022611,0.010285522
-0.004470581,-0.003777588,0.010292935
-0.002292401,-0.001942134,0.009997007
-0.002270064,-0.001993932,0.009832939
-0.002116694,-0.002405645,0.010030038
-0.002104049,-0.002045936,0.00956893
-0.002277778,-0.002535942,0.00971397
-0.002594504,-0.002072061,0.00966151
-0.002525503,-0.002624098,0.00936192
-0.004019435,-0.003356535,0.009719671
-0.004414315,-0.003191033,0.009723523
-0.004301075,-0.003007552,0.00984145
-0.004442852,-0.003314454,0.009949181
-0.003830181,-0.003816937,0.009798278
-0.004163731,-0.00362401,0.00998783
-0.003282213,-0.003222531,0.009509886
-0.002804883,-0.002559693,0.009601326
-0.002944431,-0.002166522,0.009584563
-0.003293248,-0.002290347,0.009561311
-0.003310073,-0.002622758,0.009518362
-0.002993326,-0.002795193,0.009470727
-0.003579502,-0.002900762,0.009742691
-0.000986808,-0.003395039,0.009721966
-0.000615576,-0.003749397,0.00911366
-0.001131826,-0.004298242,0.009609214
-0.000599848,-0.004613117,0.009717711
-0.001558587,-0.005433749,0.009737722
-0.001034103,-0.00519731,0.010465871
-0.001385377,-0.003817978,0.009017218
-0.002226528,-0.004714332,0.009677998
-0.002610039,-0.003078225,0.009344433
-0.001857943,-0.003311957,0.009274409
-0.001961053,-0.002999822,0.00976643
-0.002341793,-0.003991337,0.009004023
-0.002808064,-0.003505662,0.009405196
-0.001350842,-0.004272486,0.010458401
-0.002216246,-0.004989185,0.010874576
-0.002509752,-0.005263241,0.011358107
-0.001868124,-0.00548566,0.010680185
-0.001922741,-0.00471513,0.010391045
-0.001618953,-0.004715928,0.011104092
-0.002099019,-0.004684245,0.011607056
-0.002506783,-0.005011387,0.011785396
-0.00232241,-0.004836615,0.012095489
-0.002777681,-0.005064417,0.011522544
-0.002452303,-0.004692901,0.011345002
-0.002789964,-0.004865935,0.011773594
-0.002953719,-0.004096713,0.009695875
-0.003377461,-0.00433943,0.010241107
-0.003144376,-0.004659589,0.010774229
-0.00345526,-0.004980481,0.010905103
-0.003435671,-0.004898533,0.011115862
-0.003214982,-0.005000208,0.011185125
-0.003682474,-0.004824058,0.010856648
-0.003529967,-0.004581744,0.010548878
-0.00371323,-0.004881707,0.01066005
-0.00364119,-0.004516767,0.010993903
-0.00430221,-0.003383793,0.010196001
-0.004497281,-0.003431082,0.010177381
-0.00441066,-0.00309708,0.010056154
-0.003967426,-0.003094385,0.010114498
-0.003896958,-0.002855256,0.009842539
-0.004214414,-0.00280975,0.009942387
-0.001535117,-0.002429722,0.01055654
-0.000568515,-0.001860923,0.011411571
-0.000720097,-0.003411627,0.011183376
-0.000848345,-0.00190165,0.011109508
-0.000918237,-0.001799707,0.011410359
-0.000934811,-0.002270911,0.011177741
-0.001186252,-0.001796341,0.011261951
-0.001218783,-0.002393076,0.01087057
-0.001202518,-0.002094709,0.011066261
0.000425027,-0.00425795,0.012755305
8.55E-05,-0.003805781,0.012774125
-0.000717609,-0.0038336,0.011989714
-0.000740609,-0.00269482,0.011806317
-0.001232605,-0.004211747,0.01157432
-0.001917672,-0.004426026,0.012746945
-0.001716296,-0.004317164,0.013092964
-0.001748209,-0.0040294,0.012720534
-0.000134285,-0.002812151,0.01224567
-0.000797186,-0.001650739,0.011733496
-0.000279155,-0.001580362,0.011832468
-0.000574236,-0.002018794,0.012128303
-0.000763767,-0.001361599,0.012276471
-0.001158376,-0.00157619,0.012014577
-5.71E-05,-0.001841195,0.012418105
8.62E-05,-0.001306182,0.012390036
-0.000540101,-0.001125517,0.012885169
-0.000645682,-0.001462552,0.013820231
-0.000806825,-0.001075421,0.01345925
-0.001932802,-0.00432741,0.012214427
-0.002130284,-0.004176994,0.01289619
-0.00143574,-0.001935216,0.011653924
-0.001511951,-0.001767444,0.01150736
-0.001442039,-0.001697964,0.011870686
-0.00117699,-0.001719941,0.011634649
-0.002955102,-0.002112445,0.009749878
-0.002528651,-0.002298556,0.009996718
-0.002598585,-0.002023453,0.009807977
-0.00160261,-0.001792295,0.011142411
-0.002038393,-0.002232223,0.010647027
-0.002298915,-0.002161064,0.010275103
-0.00230198,-0.002327795,0.010493451
-0.002111271,-0.001856725,0.010309139
-0.002535103,-0.002010419,0.010268802
-0.002377162,-0.001813031,0.010275131
-0.00254358,-0.001861435,0.010141779
-0.002009341,-0.001779359,0.010659223
-0.00191414,-0.00196338,0.010967133
-0.001940881,-0.001716573,0.011020408
-0.003084263,-0.002495289,0.009840731
-0.003427318,-0.002629597,0.009862671
-0.003308922,-0.002229357,0.009756444
-0.003641213,-0.002381062,0.009793758
-0.003947777,-0.002573686,0.009854357
-0.002255396,-0.004366976,0.012604663
-0.002415829,-0.004559425,0.01233217
-0.000337439,-0.001575779,0.013354339
0.000164857,-0.002102028,0.013003742
0.000486018,-0.003065924,0.013222547
-0.000136268,-0.003181771,0.014296996
-0.000363255,-0.003629218,0.013376616
-9.71E-05,-0.002265485,0.013842615
-0.000243032,-0.001771919,0.014168555
-0.000877139,-0.003621438,0.014006186
-0.000622774,-0.003019436,0.014715328
-0.0010825,-0.003500575,0.014712874
-0.001287314,-0.003888801,0.014165541
-0.00071682,-0.001550201,0.014798391
-0.000963731,-0.002308623,0.015500768
-0.0008899,-0.00171995,0.015630014
-0.000930495,-0.00121146,0.01520321
-0.000748742,-0.002032474,0.014971561
-0.000933877,-0.002589102,0.014754142
-0.00110928,-0.002857102,0.015133659
-0.000758474,-0.002321102,0.014374624
-0.000978516,-0.001442854,0.014156481
-0.000985019,-0.001101438,0.013943898
-0.000972013,-0.00178427,0.014369063
-0.001174428,-0.001364084,0.014823322
-0.001185552,-0.001247437,0.014363502
-0.00199742,-0.003877658,0.013108289
-0.002056937,-0.00398641,0.013204809
-0.001790178,-0.004058048,0.01344456
-0.002190462,-0.004003799,0.01305991
-0.002009623,-0.003776546,0.01351798
-0.000957805,-0.001441197,0.013319625
-0.001076299,-0.001224184,0.013127647
-0.001157563,-0.001219158,0.013468796
-0.001694808,-0.001727879,0.011686351
-0.001655529,-0.003909552,0.013802682
-0.00153084,-0.00392656,0.013147794
-0.001630756,-0.003589677,0.013552256
-0.001132939,-0.00373795,0.013663949
-0.001692307,-0.003623171,0.014060327
-0.00178073,-0.003747107,0.013133014
-0.000943252,-0.003732073,0.012940037
-0.000599062,-0.002854407,0.013152047
-0.001377715,-0.004060899,0.012315797
-0.001429441,-0.002172467,0.011437162
-0.001590764,-0.002171528,0.011007632
-0.002065073,-0.002702261,0.010336646
-0.001108697,-0.002910432,0.010999526
-0.001358039,-0.003040682,0.010330273
-0.002805587,-0.004701557,0.011082949
-0.002996152,-0.004957065,0.01148019
-0.003230749,-0.004876819,0.011418906
-0.003298961,-0.004502258,0.011148697
-0.002833493,-0.004338697,0.010643354
-0.002594378,-0.004731612,0.0120575
-0.002308158,-0.004517104,0.01195032
-0.002021939,-0.004302596,0.011843141
-0.00265219,-0.004576999,0.0117714
-0.002970376,-0.004649602,0.011452103
-0.003058615,-0.004792289,0.011731988
-0.002899897,-0.004666474,0.012038396
-0.002710003,-0.004422385,0.011485299
-0.003594614,-0.004697374,0.011527943
-0.003935148,-0.004189121,0.010702352
-0.003836888,-0.003860786,0.010438287
-0.003850932,-0.004610814,0.011274992
-0.003599907,-0.004209477,0.011131158
-0.004033409,-0.004517455,0.010966418
-0.004476622,-0.003899098,0.010595241
-0.004336693,-0.004174916,0.01081656
-0.004161568,-0.003453133,0.010442821
-0.004602698,-0.003527246,0.010599032
-0.002593208,-0.002945653,0.009960363
-0.003337083,-0.003546657,0.010060014
-0.003720439,-0.00337902,0.010286609
-0.003213424,-0.002878132,0.009931584
-0.003603989,-0.002897253,0.010134931
-0.002231314,-0.003778861,0.010170847
-0.001843332,-0.00355078,0.011001456
-0.002271144,-0.00399399,0.010817587
-0.002310975,-0.004209119,0.011464327
-0.003001465,-0.003708379,0.010650128
-0.003367173,-0.004127696,0.010878487
-0.004152886,-0.00291752,0.01037162
-0.00458566,-0.003114715,0.010457084
-0.00441442,-0.002734643,0.010340883
-0.004153231,-0.002533055,0.010163407
-0.003830326,-0.002654156,0.010326593
-0.002432516,-0.00277072,0.010743985
-0.001811617,-0.002039182,0.011370528
-0.001896663,-0.001666412,0.011387293
-0.001787889,-0.002474753,0.010947715
-0.00221595,-0.002095451,0.010976981
-0.001091324,-0.002196392,0.011838501
-0.00145535,-0.003322699,0.011832065
-0.001346932,-0.00257749,0.011366964
-0.001059265,-0.002642473,0.012165279
-0.001416663,-0.001995805,0.012258324
-0.001409406,-0.00158031,0.012226823
-0.001669203,-0.002098339,0.011879406
-0.001027206,-0.003088553,0.012492056
-0.001578745,-0.003632774,0.012694123
-0.00194486,-0.003920947,0.012079225
-0.001964452,-0.003738392,0.012714192
-0.002037572,-0.004048971,0.012487708
-0.002383959,-0.00420313,0.012743371
-0.001930404,-0.003561156,0.013139091
-0.001150068,-0.001844794,0.012585737
-0.001199937,-0.001449516,0.012367945
-0.001070676,-0.001304785,0.012702909
-0.000830935,-0.001782012,0.01300474
-0.000878719,-0.002215299,0.012583312
-0.001136062,-0.001596252,0.012990287
-0.001081925,-0.001651891,0.013455208
-0.001002046,-0.001824751,0.013713445
-0.001091235,-0.001447782,0.013743952
-0.003327503,-0.004477483,0.011655351
-0.003372743,-0.004721518,0.011727386
-0.002907827,-0.004382868,0.012057382
-0.002499189,-0.004173172,0.01231551
-0.001860771,-0.003395822,0.012923674
-0.002302909,-0.003898246,0.013147536
-0.002304908,-0.003720016,0.012845444
-0.002409737,-0.003946823,0.012563354
-0.002328417,-0.004054618,0.012940243
-0.001430129,-0.001367173,0.013333266
-0.001693606,-0.001655047,0.012031519
-0.00148154,-0.001885658,0.012581228
-0.001421416,-0.001474289,0.012588162
-0.00143363,-0.001405215,0.012958358
-0.002823824,-0.001889058,0.010121536
-0.002903527,-0.002164958,0.010092159
-0.003119833,-0.001989406,0.010049664
-0.002731513,-0.002360106,0.010409813
-0.003153998,-0.002468125,0.010300498
-0.002556688,-0.002022994,0.010804398
-0.00214519,-0.001848773,0.011211094
-0.002325543,-0.001702034,0.010567849
-0.002640534,-0.001731565,0.010418942
-0.002200707,-0.001628286,0.01087264
-0.002195029,-0.001736192,0.011503297
-0.002223472,-0.001507907,0.011212981
-0.002134936,-0.001469584,0.011512239
-0.001903879,-0.00159744,0.011752951
-0.003507765,-0.002390791,0.010281565
-0.003450038,-0.002044825,0.010157404
-0.003870896,-0.002247849,0.010209848
-0.002636244,-0.004326005,0.012612483
-0.00275526,-0.004508142,0.012332005
-0.003280471,-0.004625727,0.012046862
-0.003667278,-0.004544214,0.011917062
-0.003070119,-0.004543899,0.012299855
-0.002562314,-0.004128729,0.012887431
-0.002289109,-0.003763726,0.01332247
-0.00141682,-0.001356976,0.013709757
-0.001069669,-0.003140511,0.013762088
-0.000717884,-0.00222363,0.013360411
-0.000583394,-0.002702998,0.013802352
-0.001481952,-0.003212464,0.013922991
-0.001540276,-0.003426614,0.01437213
-0.001037319,-0.002224238,0.013988675
-0.001072592,-0.002623726,0.014263906
-0.001386711,-0.00292635,0.014153187
-0.001454802,-0.003082435,0.014674295
-0.001076951,-0.001858432,0.014857994
-0.001238273,-0.002328629,0.015169664
-0.001236929,-0.001905999,0.015155501
-0.001176723,-0.002356548,0.014545742
-0.001502681,-0.002726885,0.014772859
-0.001403541,-0.002468004,0.014947506
-0.001232013,-0.001911667,0.014588763
-0.001405159,-0.00168439,0.014744426
-0.001723743,-0.001557642,0.012385881
-0.001235762,-0.001746886,0.014124142
-0.001397781,-0.001379708,0.014085368
-0.001380679,-0.001460433,0.014452253
-0.002215953,-0.003461298,0.013237847
-0.002052407,-0.00335034,0.013483041
-0.001894235,-0.003284417,0.014083893
-0.001767179,-0.003281402,0.013703016
-0.001962017,-0.003541809,0.013812857
-0.002269226,-0.003550387,0.013582076
-0.002567999,-0.003920504,0.013175589
-0.002578698,-0.003698773,0.013475367
-0.001371014,-0.001686644,0.013218424
-0.002042258,-0.001919526,0.011650802
-0.001993033,-0.001778648,0.011923703
-0.001875506,-0.0017882,0.012241122
-0.001605983,-0.003269801,0.013301829
-0.001202342,-0.002763056,0.013085679
-0.001494847,-0.002324944,0.012598745
-0.001546417,-0.001775511,0.012904132
-0.001896505,-0.003432701,0.012153463
-0.001831505,-0.002504775,0.011440502
-0.002081357,-0.002989467,0.011233684
-0.00316475,-0.003978121,0.011353407
-0.002328939,-0.003619954,0.011736904
-0.002614418,-0.004143214,0.01188765
-0.003060393,-0.004257593,0.011782759
-0.002476039,-0.003842958,0.012181256
-0.003655818,-0.004004749,0.011596919
-0.00395082,-0.004441566,0.011710266
-0.003996105,-0.003470993,0.010957236
-0.003900853,-0.003916696,0.01111362
-0.004256002,-0.004244767,0.011373242
-0.00458726,-0.003779384,0.011044648
-0.004091358,-0.00302529,0.010800852
-0.004735919,-0.003247025,0.010920513
-0.003169438,-0.003078061,0.010656901
-0.002734886,-0.003258869,0.011178871
-0.003768296,-0.003315936,0.011260822
-0.004254421,-0.002304144,0.010571757
-0.004616926,-0.002687984,0.010749504
-0.003197997,-0.002513928,0.010967776
-0.003726209,-0.002409036,0.010769767
-0.002531363,-0.001794114,0.011516168
-0.002280731,-0.001660399,0.011912683
-0.002368964,-0.00228729,0.011467546
-0.00292779,-0.002118643,0.011520096
-0.001726266,-0.002523575,0.01212296
-0.001860114,-0.002055829,0.01268493
-0.001771686,-0.002101322,0.01230792
-0.002045253,-0.002208292,0.011946019
-0.001907252,-0.002862311,0.012664348
-0.00233766,-0.003542703,0.012474861
-0.002142797,-0.00315887,0.013153224
-0.001317986,-0.002084135,0.013022019
-0.001721591,-0.002927052,0.013859824
-0.001855685,-0.0028939,0.01351527
-0.00144133,-0.001984133,0.013632686
-0.001429075,-0.001670554,0.013671222
-0.003410784,-0.004092801,0.012080218
-0.002954775,-0.004074765,0.01228769
-0.002876721,-0.00381315,0.012577237
-0.002478031,-0.003420449,0.013046594
-0.002680306,-0.003844399,0.012897734
-0.002798667,-0.003551535,0.012866785
-0.004246865,-0.004175094,0.011909236
-0.001687622,-0.001430649,0.013541778
-0.001700119,-0.001437291,0.013175561
-0.001955798,-0.001481753,0.012103679
-0.001836066,-0.001633706,0.012653187
-0.001948389,-0.001709769,0.012920494
-0.001774847,-0.001466887,0.012786246
-0.003142121,-0.001744073,0.010503147
-0.003034955,-0.001931358,0.011011621
-0.002642323,-0.001510815,0.010907979
-0.002514179,-0.001327149,0.011424386
-0.00223863,-0.001313009,0.01181218
-0.001933634,-0.001369979,0.01306403
-0.003661108,-0.001768987,0.010756681
-0.003993744,-0.004293099,0.012196068
-0.002965267,-0.004332677,0.012730896
-0.003496955,-0.004418535,0.01245328
-0.002852453,-0.004122106,0.013042392
-0.002704259,-0.003728202,0.013283036
-0.002904075,-0.003977198,0.013285799
-0.001703909,-0.001460005,0.013899902
-0.001598459,-0.001755462,0.013995853
-0.001608539,-0.001664279,0.014504306
-0.001377479,-0.002437558,0.013679302
-0.001493009,-0.002050919,0.014091804
-0.001805736,-0.003008322,0.014329365
-0.001848058,-0.002817449,0.014106894
-0.001426362,-0.002464625,0.014281187
-0.001676002,-0.002572702,0.014016633
-0.001703753,-0.002712188,0.014544286
-0.001459187,-0.002251845,0.014544825
-0.001492013,-0.002039065,0.014808463
-0.001594972,-0.002391995,0.014716859
-0.001655398,-0.001814102,0.014595626
-0.002917224,-0.001531859,0.01167373
-0.002012588,-0.001367301,0.01245412
-0.001709382,-0.001555417,0.014277707
-0.00462382,-0.003783981,0.011739992
-0.002338265,-0.003037454,0.013516916
-0.002205009,-0.003013709,0.013833432
-0.002071753,-0.002989964,0.014149947
-0.002456027,-0.003297696,0.013422563
-0.002235841,-0.003252736,0.013894795
-0.002777893,-0.003511814,0.013433765
-0.002575882,-0.003465405,0.013766276
-0.002675525,-0.003744947,0.013487038
-0.002341044,-0.003017172,0.01411729
-0.001940276,-0.001357235,0.013373699
-0.001790367,-0.001790403,0.013363744
-0.002225243,-0.001925379,0.012113342
-0.002335086,-0.00154533,0.012263268
-0.0020976,-0.001800579,0.012474099
-0.003968748,-0.003620764,0.012068731
-0.001996484,-0.002554015,0.012983979
-0.002121932,-0.001952651,0.013054742
-0.002341646,-0.002167282,0.012674185
-0.002486143,-0.00298999,0.011955777
-0.003461293,-0.003478662,0.011752098
-0.002778921,-0.002583516,0.011826403
-0.003154289,-0.003641388,0.012243375
-0.004801707,-0.003373004,0.011342772
-0.004363653,-0.00324446,0.011552268
-0.004863023,-0.002786206,0.011262997
-0.004142844,-0.00268516,0.011233177
-0.003273609,-0.002949726,0.011543612
-0.003690631,-0.003066434,0.012228226
-0.004517392,-0.002054384,0.011205533
-0.005012619,-0.00245994,0.011702265
-0.00495901,-0.003172984,0.011843714
-0.003595686,-0.002053448,0.011867971
-0.002657583,-0.001723358,0.012072416
-0.002548366,-0.002362573,0.012287307
-0.002744882,-0.002980964,0.012691177
-0.002642828,-0.003045005,0.013263049
-0.001880614,-0.002143516,0.013551928
-0.002121724,-0.002575368,0.013743195
-0.002026996,-0.0018288,0.013698053
-0.003495342,-0.003601914,0.012663487
-0.003173897,-0.00386201,0.012852939
-0.002970763,-0.003241337,0.013119829
-0.002937419,-0.003609268,0.013202814
-0.004395489,-0.003955783,0.012359064
-0.001964159,-0.001363272,0.013727765
-0.002102961,-0.001609043,0.013202968
-0.002187659,-0.001592644,0.013828028
-0.002249542,-0.001503235,0.013489441
-0.002298882,-0.001162603,0.012169115
-0.00222715,-0.001578197,0.012906257
-0.002058786,-0.001273911,0.012812205
-0.003176865,-0.00134036,0.011275043
-0.002753804,-0.001064802,0.011851204
-0.002096317,-0.001206864,0.013177159
-0.002131314,-0.001167162,0.013546329
-0.003952914,-0.00136802,0.011549047
-0.003925987,-0.004114602,0.01282475
-0.003300053,-0.004137394,0.013098747
-0.003160654,-0.003860454,0.013560409
-0.002003207,-0.001404887,0.014081941
-0.001839598,-0.001887684,0.014151102
-0.001857626,-0.001658986,0.014459793
-0.001969814,-0.00221995,0.014024498
-0.00169361,-0.002228952,0.014299483
-0.002123202,-0.002499256,0.014159953
-0.001974525,-0.002707846,0.014353964
-0.00189421,-0.002406986,0.014507162
-0.001822913,-0.002072679,0.014588161
-0.001937238,-0.001789463,0.014555119
-0.00227659,-0.002778561,0.014295408
-0.003018296,-0.001318997,0.012049952
-0.002608415,-0.001310825,0.012595454
-0.002219907,-0.001128636,0.012564183
-0.002060996,-0.001470192,0.014352132
-0.004775019,-0.001639698,0.011943227
-0.004791436,-0.003525586,0.012410638
-0.002588991,-0.002970143,0.013796606
-0.002597673,-0.002721489,0.013542587
-0.003151757,-0.003395797,0.013466641
-0.002439643,-0.002722263,0.014013578
-0.002859371,-0.003198272,0.013569575
-0.002553858,-0.003215716,0.01404242
-0.002794674,-0.003550438,0.013832176
-0.002518638,-0.002948139,0.014299799
-0.002383749,-0.001849473,0.013424555
-0.002520666,-0.001786415,0.012748485
-0.002447401,-0.002231193,0.013495381
-0.00407739,-0.003390151,0.012651964
-0.002756315,-0.002357837,0.013026753
-0.003238459,-0.002738877,0.012186895
-0.003416745,-0.002998787,0.01280055
-0.005156033,-0.002867454,0.012364923
-0.004226973,-0.002491481,0.012213078
-0.005215487,-0.002244084,0.012239261
-0.003806051,-0.001731161,0.012443357
-0.003181999,-0.001591067,0.012554957
-0.003121462,-0.002910539,0.013358911
-0.002263626,-0.001867197,0.014032363
-0.002381369,-0.002241702,0.013968791
-0.002809804,-0.002404946,0.013701502
-0.002559326,-0.001852796,0.013862149
-0.00358389,-0.003415634,0.013198277
-0.004464149,-0.003713868,0.013075701
-0.004938401,-0.003274418,0.013085125
-0.002209441,-0.001199452,0.014285547
-0.002395002,-0.001399448,0.014035711
-0.002296317,-0.00124856,0.013841734
-0.00216803,-0.001159902,0.013917326
-0.002596701,-0.001443686,0.013292473
-0.002563526,-0.001446587,0.013690408
-0.002431811,-0.001175196,0.013559523
-0.002696164,-0.000835234,0.012442422
-0.002347544,-0.000937078,0.012899424
-0.00337901,-0.000914635,0.012027489
-0.002391021,-0.000812809,0.013330529
-0.002302315,-0.000891585,0.013724887
-0.004233955,-0.000967871,0.012284879
-0.003751035,-0.003832481,0.013596005
-0.003246427,-0.003656789,0.013913956
-0.002100432,-0.00182833,0.014293741
-0.002558717,-0.001667252,0.014264977
-0.002110812,-0.001608645,0.014556045
-0.002238958,-0.00217459,0.014252902
-0.002484549,-0.002534189,0.014347949
-0.00221429,-0.002481983,0.014473442
-0.002159353,-0.00218646,0.014591983
-0.002143502,-0.001884922,0.014640171
-0.002474953,-0.002659599,0.014531905
-0.004459235,-0.001330967,0.012760878
-0.004902054,-0.00125306,0.012503014
-0.002365684,-0.000791795,0.014084582
-0.003487401,-0.001099186,0.012588254
-0.003220712,-0.000591233,0.012634206
-0.003158898,-0.001135871,0.013020997
-0.002258863,-0.00133609,0.014626363
-0.002531625,-0.001333379,0.01439157
-0.002366259,-0.000838898,0.014458221
-0.004685648,-0.001842431,0.012604871
-0.005289773,-0.001807407,0.012570231
-0.00519723,-0.00127748,0.012836382
-0.004876155,-0.002456309,0.012815719
-0.005373803,-0.002323162,0.012715078
-0.005298573,-0.002758189,0.013182726
-0.004219528,-0.001054645,0.012898759
-0.004696214,-0.001342378,0.013064938
-0.002883508,-0.002843009,0.01401378
-0.002671788,-0.003105069,0.014286343
-0.003375278,-0.003179013,0.013884759
-0.002754809,-0.002586395,0.014222455
-0.002946148,-0.003303173,0.014270962
-0.002782115,-0.002947937,0.014576566
-0.003076487,-0.001677827,0.013430536
-0.004037171,-0.0029156,0.013167206
-0.003536872,-0.002271164,0.013135891
-0.004596277,-0.002045163,0.013266515
-0.004016416,-0.001408874,0.013018742
-0.003418245,-0.002708714,0.013695264
-0.003821954,-0.00303034,0.013800534
-0.002633794,-0.002027997,0.014394317
-0.003099288,-0.002167244,0.014043791
-0.002894651,-0.001584709,0.014018475
-0.004566,-0.003433134,0.013767075
-0.005074007,-0.003006596,0.013843311
-0.002800136,-0.001112399,0.013989889
-0.002890926,-0.000919077,0.01351238
-0.002799732,-0.000554904,0.013057937
-0.003792803,-0.000607305,0.012621552
-0.003416605,-0.000370177,0.013018736
-0.002660189,-0.000459742,0.013719779
-0.004422639,-0.000700416,0.012778775
-0.003748868,-0.003446884,0.01434598
-0.002834328,-0.001506062,0.014424454
-0.002484763,-0.001820328,0.014634586
-0.002731699,-0.001691243,0.014671099
-0.002316584,-0.001630519,0.014834977
-0.002830421,-0.002434041,0.014587448
-0.002633209,-0.002029984,0.014748714
-0.0024264,-0.002346088,0.014727557
-0.002368137,-0.001996705,0.014835411
-0.002672672,-0.002579257,0.014860852
-0.00314175,-0.002983882,0.014837583
-0.004950253,-0.000877536,0.012980814
-0.004944498,-0.001034082,0.013285458
-0.005354192,-0.00111902,0.013175279
-0.002572858,-0.001365199,0.014776611
-0.002435587,-0.000824167,0.014875393
-0.002420205,-0.001246314,0.015089472
-0.002593503,-0.000425981,0.014227844
-0.004008467,-0.000950817,0.013337941
-0.004534804,-0.000949143,0.013395637
-0.00339083,-0.001025345,0.013694231
-0.002813545,-0.000990068,0.014633554
-0.002551274,-0.00047238,0.014599632
-0.005036368,-0.001702345,0.013450592
-0.005582361,-0.001972994,0.01327432
-0.005435463,-0.001488336,0.013032731
-0.005579364,-0.00141371,0.013324939
-0.005482134,-0.002484684,0.013740999
-0.005760993,-0.001512581,0.013692736
-0.004399103,-0.00272662,0.013998938
-0.004979176,-0.002305994,0.013854089
-0.003363502,-0.001306692,0.014192641
-0.004490374,-0.001431696,0.013626863
-0.003434847,-0.002630982,0.014430972
-0.003896626,-0.002027383,0.013912286
-0.003125867,-0.001987256,0.014510387
-0.004668006,-0.003112231,0.014517051
-0.00576435,-0.001944831,0.01407241
-0.005362074,-0.002566825,0.014441662
-0.003204176,-0.000518445,0.013898352
-0.00314819,-0.000214422,0.013467466
-0.003956116,-0.000375712,0.013043238
-0.003616563,-0.000167292,0.01332707
-0.004000517,-0.00049276,0.01365714
-0.003017522,-1.15E-05,0.014102473
-0.004481852,-0.00064241,0.013575811
-0.004579233,-0.000466591,0.013164411
-0.004075029,-0.002981353,0.015101831
-0.002983161,-0.001629814,0.014855315
-0.003129219,-0.002176849,0.014996953
-0.002478437,-0.001648325,0.015169825
-0.002585286,-0.002125099,0.015099191
-0.002916582,-0.002426919,0.015235259
-0.003384625,-0.002524984,0.015496639
-0.005074645,-0.001015869,0.013812216
-0.005190947,-0.000662757,0.013394992
-0.0056132,-0.001028658,0.013581714
-0.002823829,-0.001338844,0.015076483
-0.002641532,-0.000326995,0.014965048
-0.002539733,-0.000786689,0.015287247
-0.002558672,-0.00127278,0.015428956
-0.003168601,-0.000498086,0.014657472
-0.00272019,-0.00020668,0.014540387
-0.004384471,-0.000818229,0.013987211
-0.00369567,-0.000669177,0.014349896
-0.003381551,-0.001013031,0.014818855
-0.005934757,-0.001242176,0.014128355
-0.006013341,-0.0014619,0.01455955
-0.005537138,-0.001070644,0.014408247
-0.004958343,-0.001368982,0.01422944
-0.004451252,-0.002213883,0.014720906
-0.003946825,-0.00144327,0.014517014
-0.003700038,-0.001986078,0.014875987
-0.005379739,-0.001502041,0.014985815
-0.006188751,-0.001231668,0.01518115
-0.004979731,-0.002599042,0.015231379
-0.005734507,-0.001999019,0.015019525
-0.004351613,-0.002455478,0.015856012
-0.004313861,-0.000179451,0.01409685
-0.003564976,0.000117246,0.013792474
-0.004102173,-7.01E-05,0.013475591
-0.00341947,0.000355647,0.01433562
-0.003020661,0.000225959,0.014834352
-0.005043874,-0.000613509,0.014333843
-0.004787012,-0.000140671,0.013643897
-0.003607523,-0.001390819,0.015139166
-0.003883813,-0.001964339,0.015542886
-0.002916784,-0.001810879,0.015739956
-0.003667932,-0.001978775,0.016257626
-0.005608322,-0.000386024,0.014050186
-0.006115933,-0.000772306,0.014587055
-0.003148749,-0.000936016,0.01554594
-0.002774828,-0.000136587,0.015506278
-0.002776177,-0.00095822,0.015957073
-0.004000509,-0.000313008,0.015005562
-0.003143044,0.000545154,0.015666867
-0.005103535,-0.000372915,0.014959749
-0.004479426,-0.000840995,0.014617501
-0.006346523,-0.000675866,0.015193433
-0.00574038,-0.000630583,0.015285197
-0.005999475,-0.001486169,0.015938225
-0.006377225,-0.000888251,0.015610646
-0.004746136,-0.001542181,0.015412079
-0.005282572,-0.002060061,0.016012882
-0.00464163,-0.001892313,0.016665043
-0.004673394,4.32E-05,0.014583119
-0.004243252,0.000459328,0.01420649
-0.00363799,0.000732462,0.014866127
-0.005046288,0.000296555,0.015431115
-0.005099521,0.000347461,0.014362472
-0.003757766,-0.001085343,0.015804634
-0.00322246,-0.001208852,0.016547628
-0.003973306,-0.001402173,0.017088236
-0.002964812,-0.000185013,0.016413033
-0.006055752,0.000107162,0.014916224
-0.006571929,-0.000230669,0.015663169
-0.004135848,0.000376358,0.015689413
-0.003672948,0.001112523,0.015509514
-0.00355033,9.57E-05,0.016051223
-0.003495149,0.001182807,0.016166284
-0.003204621,0.000631967,0.016527577
-0.005554998,0.000159923,0.015772683
-0.004598747,-0.000359807,0.015869311
-0.005653125,-0.001479607,0.016782628
-0.005604061,-0.000659842,0.016277655
-0.006454763,-0.000731945,0.016468266
-0.004769936,-0.000850368,0.016671185
-0.005919159,-0.000927181,0.017443542
-0.004941124,-0.001340929,0.017473058
-0.004270647,-0.000801851,0.017879404
-0.004555864,0.001172699,0.01507358
-0.004078698,0.001631084,0.01580172
-0.004989042,0.000966025,0.015902482
-0.005522556,0.001065498,0.015181498
-0.003947822,-4.09E-05,0.01653522
-0.003432176,-0.000627719,0.017224862
-0.004132267,-0.00026285,0.017335037
-0.003769174,6.23E-06,0.017959497
-0.004531875,-0.000139144,0.018481424
-0.003296897,0.000277992,0.017201128
-0.006779813,8.43E-05,0.01616259
-0.006203394,0.000438728,0.016303489
-0.006511248,0.000679654,0.015676054
-0.006569044,-0.000270202,0.01740521
-0.005895541,0.000197803,0.016930925
-0.006003762,-0.000361008,0.018141895
-0.006989864,0.000694767,0.016494457
-0.006854793,5.15E-05,0.016802416
-0.00702939,0.000438257,0.017291188
-0.00340461,0.001037582,0.016937796
-0.004455528,0.000866551,0.016623466
-0.003726792,0.001628783,0.01650887
-0.005445658,0.000643737,0.016583133
-0.004832357,0.000102019,0.017445211
-0.005095984,-0.000748648,0.018134268
-0.005749212,0.000588689,0.017605736
-0.005269731,-0.000142863,0.01863639
-0.004780764,0.000278246,0.018158643
-0.00472917,0.000454472,0.018872075
-0.00404571,0.00067438,0.018485552
-0.005436307,0.000418356,0.018458469
-0.005440254,0.000348278,0.018951432
-0.006004007,0.000177163,0.018678697
-0.003660387,0.001635926,0.017264189
-0.004902778,0.001962131,0.015805111
-0.006733628,0.000291006,0.018050502
-0.004197549,0.002042485,0.016271927
-0.005033795,0.001516801,0.016577424
-0.004011049,0.002179444,0.01687075
-0.006101325,0.001109527,0.016470195
-0.006756991,0.001575317,0.016357256
-0.007206176,0.0012667,0.016910706
-0.005943466,0.001800631,0.015915092
-0.0037388,0.001454096,0.01799857
-0.003539904,0.000864268,0.017679546
-0.004438111,0.00099591,0.017536565
-0.004429216,0.000994026,0.018896807
-0.004429632,0.001131559,0.018321173
-0.00501605,0.0009868,0.018588677
-0.004863395,0.000911664,0.019101155
-0.005292506,0.000727631,0.01913979
-0.006271247,0.001197126,0.017152145
-0.007243662,0.000929713,0.017698616
-0.005602883,0.000979574,0.018280547
-0.005336318,0.001127551,0.017393583
-0.005176184,0.001057176,0.01799113
-0.007459226,0.001575767,0.017476014
-0.006711911,0.001696125,0.017026866
-0.007152575,0.002195124,0.016901587
-0.004599286,0.002462638,0.016452894
-0.004202594,0.001697201,0.017645172
-0.004107682,0.001408141,0.018681011
-0.004528196,0.001413422,0.019060287
-0.004011267,0.002063305,0.018457623
-0.007014318,0.002001694,0.017403291
-0.007643755,0.002156839,0.017651952
-0.005471843,0.001016048,0.018782507
-0.005869448,0.000831597,0.019167512
-0.005002742,0.0011767,0.018943655
-0.005340802,0.001052522,0.019284467
-0.006817041,0.001013194,0.018751299
-0.007483957,0.001600881,0.01814233
-0.004989433,0.0013666,0.019298634
-0.005636185,0.001482776,0.019506468
-0.006297823,0.002430673,0.016457781
-0.003967077,0.002398492,0.01775378
-0.005078547,0.002067578,0.017252367
-0.00534354,0.002546418,0.01634794
-0.00436193,0.002692894,0.01698573
-0.006592001,0.001777735,0.017962951
-0.005968076,0.002153664,0.017134108
-0.006114093,0.001630255,0.018734709
-0.006551584,0.001596306,0.019396549
-0.004813555,0.001588737,0.018156794
-0.005463824,0.001609496,0.018445752
-0.005638328,0.001876654,0.017810435
-0.00507847,0.001738055,0.018857624
-0.006569411,0.002427621,0.017330568
-0.006708662,0.003225409,0.016870159
-0.007521026,0.002735543,0.01735369
-0.004863248,0.003076917,0.016813644
-0.004541321,0.002368166,0.018163713
-0.004290792,0.002049923,0.018920005
-0.004693116,0.001866614,0.019269496
-0.004155273,0.002647382,0.018545366
-0.007741658,0.002223383,0.018179427
-0.007870906,0.002830382,0.017878363
-0.006840998,0.00242457,0.018203356
-0.007857535,0.002686285,0.018512305
-0.007456079,0.00207377,0.01892817
-0.007685457,0.003019559,0.0191555
-0.005643054,0.001828179,0.019159561
-0.006696291,0.002010438,0.018799952
-0.005172016,0.002026103,0.019584413
-0.007081894,0.002809791,0.01966704
-0.0060248,0.002314991,0.019905169
-0.005745113,0.003352944,0.016721403
-0.004392815,0.003141162,0.017430584
-0.004230675,0.003119998,0.018079475
-0.005401794,0.002851337,0.017520465
-0.005940339,0.002625756,0.018227286
-0.005115565,0.00233784,0.018573645
-0.004887009,0.003121825,0.018111083
-0.00624376,0.003444955,0.017423574
-0.00627196,0.003965347,0.016801896
-0.007211983,0.004386747,0.017028491
-0.008077609,0.003795961,0.01892186
-0.008104275,0.003446424,0.018353823
-0.008351973,0.004301917,0.018401135
-0.007410008,0.003666464,0.018523803
-0.007516492,0.003810098,0.019635102
-0.007695293,0.003551638,0.017392517
-0.006969813,0.003501742,0.019165533
-0.008080561,0.004263556,0.017669755
-0.007544475,0.004448176,0.018024203
-0.008173359,0.004455392,0.019154616
-0.007422659,0.004633247,0.019093577
-0.007626804,0.004512862,0.018612587
-0.006742407,0.003536966,0.018125745
-0.006751235,0.004584613,0.017603908
-0.004991995,0.003692638,0.017148206
-0.006177351,0.004615471,0.016831055
-0.004743895,0.002865076,0.018637673
-0.00464231,0.002659409,0.019348486
-0.004372225,0.003392313,0.018701701
-0.005442487,0.002842853,0.019231934
-0.006242665,0.003026296,0.019115382
-0.005408859,0.002952978,0.019880692
-0.006544991,0.003426837,0.020003479
-0.006978827,0.004781471,0.019355077
-0.006978369,0.004265404,0.02001519
-0.007591518,0.004696688,0.019822033
-0.005535972,0.004190459,0.016933428
-0.005589487,0.003994575,0.017659378
-0.004500679,0.003784152,0.0179732
-0.005643001,0.003798691,0.018385327
-0.006254168,0.003983925,0.019175566
-0.006795239,0.004704647,0.018508847
-0.006029811,0.004786887,0.017761883
-0.00496098,0.004407441,0.017435545
-0.00545618,0.004833911,0.017101158
-0.004543595,0.004060416,0.018644909
-0.004826504,0.003780289,0.019393761
-0.00539571,0.004192054,0.018964552
-0.005630198,0.004045806,0.0199211
-0.006265671,0.004941553,0.019235749
-0.006359299,0.004348251,0.020097259
-0.006780583,0.004943887,0.020136603
-0.004682531,0.00456093,0.018197588
-0.00581647,0.004938473,0.018442642
-0.004972364,0.005045748,0.017733465
-0.004778216,0.00459131,0.018992042
-0.00514842,0.004585417,0.019543777
-0.005602153,0.005081401,0.019061909
-0.005853827,0.00514919,0.019962701
-0.004843347,0.005198728,0.018568746
-0.005125183,0.005240918,0.019344497
